time_date,formula_code,formula_name,formula_date,tph,steam_ratio,pdi,temp_con,amp_pl,pressure_boiler,roller_age,die_age,crumber_status,gap_crumber,density,fpqf,%fine,%moisture
20/5/2020 12:24,0,549VF/549VFEX DCK BRL GR,28/4/2020,11,42,97,83.025,254.6,4.884,0,0,0,0,0.62,4.8548,1.033333,11.5
20/5/2020 12:42,0,549VF/549VFEX DCK BRL GR,28/4/2020,11,42,97,83.25,267.6,4.712,0,0,0,0,0.62,4.8548,1.033333,11.5
20/5/2020 12:43,0,549VF/549VFEX DCK BRL GR,28/4/2020,11,42,97,83.175,261.8,4.576,0,0,0,0,0.62,4.8548,1.033333,11.5
20/5/2020 13:26,0,549VF/549VFEX DCK BRL GR,28/4/2020,12,42,97,85.5,287.4,4.452,0,0,0,0,0.62,4.8548,1.033333,11.5
20/5/2020 14:19,0,549VF/549VFEX DCK BRL GR,28/4/2020,12,43,97,83.1,264.8,4.108,0,0,0,0,0.62,4.8548,1.033333,11.5
20/5/2020 15:07,0,540VF/540VFEX  DCK BRL FIN,28/4/2020,14,38,96.6,85.2375,230,4.628,0,0,0,0,0.62,4.8104,0.86,11.5
20/5/2020 15:10,0,540VF/540VFEX  DCK BRL FIN,28/4/2020,14,37,96.6,83.0625,305.8,4.688,0,0,0,0,0.62,4.8104,0.86,11.5
20/5/2020 15:42,0,540VF/540VFEX  DCK BRL FIN,28/4/2020,14,37,96.6,83.0625,303,4.464,0,0,0,0,0.62,4.8104,0.86,11.5
20/5/2020 16:32,0,540VF/540VFEX  DCK BRL FIN,28/4/2020,14,37,96.6,84.3375,367.6,4.348,0,0,0,0,0.62,4.8104,0.86,11.5
20/5/2020 16:35,0,540VF/540VFEX  DCK BRL FIN,28/4/2020,14,37,96.6,83.3625,363.4,4.216,0,0,0,0,0.62,4.8104,0.86,11.5
20/5/2020 16:47,0,540VF/540VFEX  DCK BRL FIN,28/4/2020,14,39,96.6,83.1375,308.8,3.9,0,0,0,0,0.62,4.8104,0.86,11.5
20/5/2020 22:15,0,513VF BRL WTH,19/5/2020,14,38,91.6,83.9625,208.6,5.556,0,0,0,0,0.62,4.4385,2.404,11.6
20/5/2020 22:31,0,513VF BRL WTH,19/5/2020,14,39,91.6,83.1,294.2,4.756,0,0,0,0,0.62,4.4385,2.404,11.6
20/5/2020 22:31,0,513VF BRL WTH,19/5/2020,14,39,91.6,83.0625,305.4,4.684,0,0,0,0,0.62,4.4385,2.404,11.6
20/5/2020 22:54,0,513VF BRL WTH,19/5/2020,14,39,91.6,83.2125,257,4.484,0,0,0,0,0.62,4.4385,2.404,11.6
20/5/2020 22:57,0,513VF BRL WTH,19/5/2020,14,39,91.6,83.4,264,4.532,0,0,0,0,0.62,4.4385,2.404,11.6
20/5/2020 23:22,0,513VF BRL WTH,19/5/2020,14,39,91.6,83.2875,268.6,4.428,0,0,0,0,0.62,4.4385,2.404,11.6
20/5/2020 23:23,0,513VF BRL WTH,19/5/2020,15,39,91.6,83.55,289.4,4.26,0,0,0,0,0.62,4.4385,2.404,11.6
20/5/2020 23:24,0,513VF BRL WTH,19/5/2020,15,40,91.6,83.325,284.8,3.896,0,0,0,0,0.62,4.4385,2.404,11.6
20/5/2020 23:37,0,513VF BRL WTH,19/5/2020,15,40,91.6,83.25,305.2,3.732,0,0,0,0,0.62,4.4385,2.404,11.6
20/5/2020 23:44,0,513VF BRL WTH,19/5/2020,15,40,91.6,83.3625,294.4,3.044,0,0,0,0,0.62,4.4385,2.404,11.6
20/5/2020 23:55,0,513VF BRL WTH,19/5/2020,15,40,91.6,83.0625,289.2,1.468,0,0,0,0,0.62,4.4385,2.404,11.6
21/5/2020 0:10,0,513VF BRL WTH,19/5/2020,15,40,91.6,83.1,270,1.412,0,0,0,0,0.62,4.4385,2.404,11.6
21/5/2020 0:13,0,513VF BRL WTH,19/5/2020,15,40,91.6,83.4,288.2,1.448,0,0,0,0,0.62,4.4385,2.404,11.6
21/5/2020 0:14,0,513VF BRL WTH,19/5/2020,15,40,91.6,83.1,276.6,1.412,0,0,0,0,0.62,4.4385,2.404,11.6
21/5/2020 0:35,0,513VF BRL WTH,19/5/2020,15,40,91.6,85.1625,286.4,5.096,0,0,0,0,0.62,4.4385,2.404,11.6
21/5/2020 0:37,0,513VF BRL WTH,19/5/2020,15,40,91.6,83.2125,265.4,4.9,0,0,0,0,0.62,4.4385,2.404,11.6
21/5/2020 2:04,0,540VF/540VFEX  DCK BRL FIN,28/4/2020,14,36,97,85.125,307.2,6.5,0,0,0,0,0.62,4.8104,1.226666,11.1
21/5/2020 2:18,0,540VF/540VFEX  DCK BRL FIN,28/4/2020,14,36,97,85.6125,317.2,5.32,0,0,0,0,0.62,4.8104,1.226666,11.1
21/5/2020 2:59,0,540VF/540VFEX  DCK BRL FIN,28/4/2020,14,36,97,83.85,273,3.912,0,0,0,0,0.62,4.8104,1.226666,11.1
21/5/2020 5:28,0,513VT BRL WTH,19/5/2020,14,36,90,82.9875,240.2,5.428,0,0,0,0,0.62,4.0859,3.2,11.1
21/5/2020 5:47,0,513VT BRL WTH,19/5/2020,17,36,90,83.2125,263.6,5.676,0,0,0,0,0.62,4.0859,3.2,11.1
21/5/2020 6:00,0,513VT BRL WTH,19/5/2020,17,36,90,83.025,258.4,4.996,0,0,0,0,0.62,4.0859,3.2,11.1
21/5/2020 6:42,0,513VT BRL WTH,19/5/2020,17,36,90,83.0625,261,6.844,0,0,0,0,0.62,4.0859,3.2,11.1
21/5/2020 7:13,0,513VT BRL WTH,19/5/2020,17,36,90,83.0625,254.4,5.392,0,0,0,0,0.62,4.0859,3.2,11.1
21/5/2020 14:19,0,513VF BRL WTH,19/5/2020,12,38,88,83.025,224.8,6.92,0,0,0,0,0.62,4.4385,2,11.5
21/5/2020 14:27,0,513VF BRL WTH,19/5/2020,12,42,88,83.2875,227,5.788,0,0,0,0,0.62,4.4385,2,11.5
21/5/2020 18:09,0,513VR BRL WTH,19/5/2020,14,40,91.22,83.2875,243.4,5.64,0,0,11,53,0.62,4.1936,1.16,11.6
21/5/2020 22:14,0,513VF BRL WTH,19/5/2020,14,36,91.6,83.625,204.2,6.816,0,0,6,28,0.62,4.4385,1.08,11.6
21/5/2020 22:21,0,513VF BRL WTH,19/5/2020,14,38,91.6,83.025,301.8,6.768,0,0,11,28,0.62,4.4385,1.08,11.6
21/5/2020 23:57,0,540VF/540VFEX  DCK BRL FIN,28/4/2020,13,38,97,83.7375,249.8,4.776,0,0,4,31,0.62,4.8104,0.725,11.8
22/5/2020 0:04,0,540VF/540VFEX  DCK BRL FIN,28/4/2020,13,38,97,85.575,263,4.288,0,0,4,34,0.62,4.8104,0.725,11.8
22/5/2020 0:08,0,540VF/540VFEX  DCK BRL FIN,28/4/2020,13,38,97,85.8,266.2,3.728,0,0,4,36,0.62,4.8104,0.725,11.8
22/5/2020 14:14,0,513VF BRL WTH,19/5/2020,15,39,88,83.1,263.2,4.588,0,0,6,6,0.62,4.4385,2.014285,11.5
22/5/2020 14:15,0,513VF BRL WTH,19/5/2020,15,39,88,83.0625,264.6,4.876,0,0,6,21,0.62,4.4385,2.014285,11.5
22/5/2020 19:14,0,549VT,28/4/2020,12,40,97,83.4375,257.4,4.152,0,0,8,48,0.62,4.9237,1.2,11.1
22/5/2020 19:16,0,549VT,28/4/2020,15,40,97,86.175,277.8,4.984,0,0,9,7,0.62,4.9237,1.2,11.1
22/5/2020 20:31,0,549VF/549VFEX DCK BRL GR,28/4/2020,15,39,97,85.95,290.6,5.784,0,0,5,14,0.62,4.8548,1.2,11.1
22/5/2020 20:34,0,549VF/549VFEX DCK BRL GR,28/4/2020,15,35,97,88.7625,364.6,5.676,0,0,6,3,0.62,4.8548,1.2,11.1
22/5/2020 20:34,0,549VF/549VFEX DCK BRL GR,28/4/2020,15,30,97,96.75,379,5.716,0,0,6,5,0.62,4.8548,1.2,11.1
22/5/2020 20:34,0,549VF/549VFEX DCK BRL GR,28/4/2020,15,30,97,93.1125,294.2,5.736,0,0,6,7,0.62,4.8548,1.2,11.1
22/5/2020 20:51,0,549VF/549VFEX DCK BRL GR,28/4/2020,12,35,97,83.1375,263.8,5.532,0,0,14,24,0.62,4.8548,1.2,11.1
22/5/2020 22:25,0,540VF/540VFEX  DCK BRL FIN,28/4/2020,12,37,96.8,83.475,273.4,4.144,0,0,4,52,0.62,4.8104,1.225,
22/5/2020 22:29,0,540VF/540VFEX  DCK BRL FIN,28/4/2020,15,40,96.8,86.0625,303.4,3.924,0,0,5,32,0.62,4.8104,1.225,11.2
22/5/2020 22:50,0,540VF/540VFEX  DCK BRL FIN,28/4/2020,15,39,96.8,88.35,315.2,3.684,0,0,6,2,0.62,4.8104,1.225,11.2
22/5/2020 23:43,0,513VF BRL WTH,19/5/2020,12,38,87,83.325,235.2,4.796,0,0,7,59,0.62,4.4385,2.755,11.5
22/5/2020 23:45,0,513VF BRL WTH,19/5/2020,14,38,87,95.775,346.6,5.084,0,0,8,31,0.62,4.4385,2.755,11.5
22/5/2020 23:55,0,513VF BRL WTH,19/5/2020,13,36,87,83.1,268.8,5.084,0,0,7,50,0.62,4.4385,2.755,11.5
22/5/2020 23:58,0,513VF BRL WTH,19/5/2020,13,36,87,83.175,231.2,5.62,0,0,10,35,0.62,4.4385,2.755,11.5
23/5/2020 0:08,0,513VF BRL WTH,19/5/2020,14,36,87,84.6,264.2,5.96,0,0,10,42,0.62,4.4385,2.755,11.5
23/5/2020 0:12,0,513VF BRL WTH,19/5/2020,14,36,87,83.25,276.8,6.276,0,0,11,22,0.62,4.4385,2.755,11.5
23/5/2020 0:21,0,513VF BRL WTH,19/5/2020,14,37,87,83.025,269.4,5.428,0,0,15,33,0.62,4.4385,2.755,11.5
23/5/2020 10:53,0,513VF BRL WTH,19/5/2020,15,38,88,84.9,242.8,5.004,0,0,9,15,0.62,4.4385,2,11.5
23/5/2020 15:57,0,549VF/549VFEX DCK BRL GR,28/4/2020,11,40,96,83.1375,240.4,4.328,0,0,50,53,0.62,4.8548,1,11.5
23/5/2020 16:39,0,540VF/540VFEX  DCK BRL FIN,28/4/2020,11,42,97,84.8625,261.8,4.116,0,0,10,2,0.62,4.8104,1.2,11.1
23/5/2020 22:07,0,532N/532ND (Enz) MTB GRW,28/4/2020,11,34,92,86.4375,289.8,5.476,0,0,4,40,0.62,4.5175,2.9,11.1
23/5/2020 22:15,0,532N/532ND (Enz) MTB GRW,28/4/2020,11,25,92,85.725,260.8,5.556,0,0,4,51,0.62,4.5175,2.9,11.1
23/5/2020 22:53,0,532N/532ND (Enz) MTB GRW,28/4/2020,10,32,92,83.175,359.2,5.032,0,0,42,12,0.62,4.5175,2.9,11.1
27/5/2020 14:42,0,540VF/540VFEX  DCK BRL FIN,28/4/2020,10,30,96,86.25,258.6,4.196,0,0,5,37,0.62,4.8104,1,11.5
27/5/2020 22:13,0,513VU BRL WTH,19/5/2020,10,39,90,83.775,221.2,4.252,0,0,8,23,0.62,4.6374,2.64,11.5
27/5/2020 22:14,0,513VU BRL WTH,19/5/2020,15,42,90,85.05,245.8,4.04,0,0,8,50,0.62,4.6374,2.64,11.5
28/5/2020 0:38,0,540VT,28/4/2020,15,40,96.8,85.5375,239.2,6.456,0,0,14,16,0.62,4.788,1.455,11.1
28/5/2020 0:39,0,540VT,28/4/2020,13,40,96.8,90.6,261.2,6.956,0,0,14,53,0.62,4.788,1.455,11.1
28/5/2020 1:14,0,540VT,28/4/2020,13,40,96.8,88.9875,239,4.184,0,0,14,55,0.62,4.788,1.455,11.1
28/5/2020 12:00,0,513VF BRL WTH,19/5/2020,15,40,92,89.2125,251,6.664,0,0,6,57,0.62,4.4385,2,11.5
28/5/2020 13:52,0,513VF BRL WTH,19/5/2020,15,40,88,87.825,272.2,7.268,0,0,10,44,0.62,4.4385,2,11.5
28/5/2020 15:28,0,513VF BRL WTH,19/5/2020,15,37,88,84.9375,256.4,4.916,0,0,8,1,0.62,4.4385,2,11.5
28/5/2020 17:15,0,540VF/540VFEX  DCK BRL FIN,28/4/2020,13,33,96.8,83.3625,217.6,7.176,0,0,8,42,0.62,4.8104,0.726666,12
28/5/2020 17:19,0,540VF/540VFEX  DCK BRL FIN,28/4/2020,14,34,96.8,83.2875,256.4,7.232,0,0,10,19,0.62,4.8104,0.726666,12
28/5/2020 17:21,0,540VF/540VFEX  DCK BRL FIN,28/4/2020,14,34,96.8,83.5125,248.4,7.096,0,0,10,49,0.62,4.8104,0.726666,12
28/5/2020 19:17,0,513VU BRL WTH,19/5/2020,15,38,89,86.5875,239.6,5.296,0,0,10,2,0.62,4.6374,2.683333,11.5
28/5/2020 22:11,0,548V/548VEX  DCK BRL PRE,28/4/2020,13,35,96,85.425,238,6.616,0,0,8,46,0.62,4.8104,5.3175,11.8
28/5/2020 22:21,0,548V/548VEX  DCK BRL PRE,28/4/2020,13,34,96,84.525,227,6.896,0,0,7,2,0.62,4.8104,5.3175,11.8
28/5/2020 22:23,0,548V/548VEX  DCK BRL PRE,28/4/2020,13,34,96,83.2875,257.6,6.836,0,0,7,15,0.62,4.8104,5.3175,11.8
28/5/2020 22:25,0,548V/548VEX  DCK BRL PRE,28/4/2020,13,34,96,83.5125,251.8,6.704,0,0,8,1,0.62,4.8104,5.3175,11.8
28/5/2020 22:38,0,548V/548VEX  DCK BRL PRE,28/4/2020,13,34,96,85.65,257.4,4.996,0,0,8,6,0.62,4.8104,5.3175,11.8
28/5/2020 22:44,0,548V/548VEX  DCK BRL PRE,28/4/2020,13,34,96,83.1375,275,4.616,0,0,8,40,0.62,4.8104,5.3175,11.8
28/5/2020 22:50,0,548V/548VEX  DCK BRL PRE,28/4/2020,13,34,96,83.325,283.4,4.924,0,0,8,57,0.62,4.8104,5.3175,11.8
28/5/2020 22:51,0,548V/548VEX  DCK BRL PRE,28/4/2020,13,34,96,83.4375,266.4,4.808,0,0,9,32,0.62,4.8104,5.3175,11.8
28/5/2020 22:52,0,548V/548VEX  DCK BRL PRE,28/4/2020,13,34,96,83.2875,271.4,4.964,0,0,9,50,0.62,4.8104,5.3175,11.8
28/5/2020 22:53,0,548V/548VEX  DCK BRL PRE,28/4/2020,13,34,96,83.325,268.8,5.064,0,0,10,5,0.62,4.8104,5.3175,11.8
28/5/2020 22:54,0,548V/548VEX  DCK BRL PRE,28/4/2020,13,34,96,83.325,266.8,5.04,0,0,10,32,0.62,4.8104,5.3175,11.8
28/5/2020 22:55,0,548V/548VEX  DCK BRL PRE,28/4/2020,13,34,96,83.3625,272.4,5.02,0,0,10,53,0.62,4.8104,5.3175,11.8
28/5/2020 22:56,0,548V/548VEX  DCK BRL PRE,28/4/2020,13,34,96,83.4,269.8,5.448,0,0,11,28,0.62,4.8104,5.3175,11.8
28/5/2020 22:58,0,548V/548VEX  DCK BRL PRE,28/4/2020,13,34,96,83.25,274.4,5.492,0,0,12,14,0.62,4.8104,5.3175,11.8
28/5/2020 22:59,0,548V/548VEX  DCK BRL PRE,28/4/2020,13,34,96,83.175,273.6,5.544,0,0,12,50,0.62,4.8104,5.3175,11.8
28/5/2020 23:00,0,548V/548VEX  DCK BRL PRE,28/4/2020,13,34,96,83.2125,277,5.532,0,0,13,29,0.62,4.8104,5.3175,11.8
28/5/2020 23:01,0,548V/548VEX  DCK BRL PRE,28/4/2020,13,34,96,83.25,273.2,5.488,0,0,13,53,0.62,4.8104,5.3175,11.8
28/5/2020 23:02,0,548V/548VEX  DCK BRL PRE,28/4/2020,13,34,96,83.2125,271.2,5.168,0,0,14,24,0.62,4.8104,5.3175,11.8
28/5/2020 23:03,0,548V/548VEX  DCK BRL PRE,28/4/2020,13,34,96,83.25,273.4,5.248,0,0,14,57,0.62,4.8104,5.3175,11.8
28/5/2020 23:04,0,548V/548VEX  DCK BRL PRE,28/4/2020,13,34,96,83.2125,284,5.312,0,0,15,33,0.62,4.8104,5.3175,11.8
28/5/2020 23:06,0,548V/548VEX  DCK BRL PRE,28/4/2020,13,35,96,83.25,273.6,5.636,0,0,16,48,0.62,4.8104,5.3175,11.8
28/5/2020 23:40,0,548V/548VEX  DCK BRL PRE,28/4/2020,13,35,96,83.2125,269.6,5.088,0,0,17,18,0.62,4.8104,5.3175,11.8
28/5/2020 23:41,0,548V/548VEX  DCK BRL PRE,28/4/2020,13,36,96,83.475,269.2,5.192,0,0,17,52,0.62,4.8104,5.3175,11.8
28/5/2020 23:56,0,548V/548VEX  DCK BRL PRE,28/4/2020,13,36,96,83.4375,243.6,4.404,0,0,18,22,0.62,4.8104,5.3175,11.8
29/5/2020 0:45,0,534N/534ND Enz MTB BRD,28/4/2020,11,36,91,83.7,368.4,6.72,0,0,10,41,0.62,4.8171,2.283333,11.1
29/5/2020 1:17,0,534N/534ND Enz MTB BRD,28/4/2020,11,38,91,83.025,272.2,4.924,0,0,22,53,0.62,4.8171,2.283333,11.1
29/5/2020 1:24,0,534N/534ND Enz MTB BRD,28/4/2020,11,38,91,83.025,281.6,5.5,0,0,23,40,0.62,4.8171,2.283333,11.1
29/5/2020 1:32,0,534N/534ND Enz MTB BRD,28/4/2020,11,40,91,83.1375,280.2,5.384,0,0,30,51,0.62,4.8171,2.283333,11.1
29/5/2020 1:34,0,534N/534ND Enz MTB BRD,28/4/2020,11,41,91,83.2125,270.2,5.428,0,0,32,34,0.62,4.8171,2.283333,11.1
29/5/2020 1:56,0,534N/534ND Enz MTB BRD,28/4/2020,11,42,91,84.3375,282.4,4.484,0,0,32,38,0.62,4.8171,2.283333,11.1
29/5/2020 1:57,0,534N/534ND Enz MTB BRD,28/4/2020,12,43,91,84.4875,281.8,4.448,0,0,32,51,0.62,4.8171,2.283333,11.1
29/5/2020 2:15,0,534N/534ND Enz MTB BRD,28/4/2020,12,43,91,87.0375,274,5.104,0,0,33,3,0.62,4.8171,2.283333,11.1
29/5/2020 2:27,0,534N/534ND Enz MTB BRD,28/4/2020,12,43,91,87.1875,298.2,4.936,0,0,33,5,0.62,4.8171,2.283333,11.1
29/5/2020 2:50,0,534N/534ND Enz MTB BRD,28/4/2020,13,45,91,86.475,282.6,4.896,0,0,33,7,0.62,4.8171,2.283333,11.1
29/5/2020 4:26,0,513VT BRL WTH,19/5/2020,12,38,90,84.9375,209.2,5.52,0,0,6,39,0.62,4.0859,3.2,11.1
29/5/2020 4:34,0,513VT BRL WTH,19/5/2020,14,40,90,85.6125,232.8,5.388,0,0,6,51,0.62,4.0859,3.2,11.1
29/5/2020 4:44,0,513VT BRL WTH,19/5/2020,14,41,90,89.925,306,5.248,0,0,6,55,0.62,4.0859,3.2,11.1
29/5/2020 7:24,0,513VT BRL WTH,19/5/2020,13,37,88,85.2,228.2,6.884,0,0,6,23,0.62,4.0859,3.2,11.5
29/5/2020 7:40,0,513VT BRL WTH,19/5/2020,14,38,88,86.9625,231.6,6.412,0,0,6,28,0.62,4.0859,3.2,11.5
29/5/2020 11:03,0,548V/548VEX  DCK BRL PRE,28/4/2020,11,35,96,84.225,253.2,6.932,0,0,13,52,0.62,4.8104,2,11.8
29/5/2020 11:21,0,548V/548VEX  DCK BRL PRE,28/4/2020,11,36,96,81.9,254.4,6.832,0,0,31,3,0.62,4.8104,2,11.8
29/5/2020 12:59,0,548V/548VEX  DCK BRL PRE,28/4/2020,11,41,96,81.075,262.6,6.084,0,0,23,11,0.62,4.8104,2,11.8
29/5/2020 13:33,0,513VU BRL WTH,19/5/2020,13,40,88,84.3375,260.8,6.532,0,0,6,32,0.62,4.6374,2,11.5
29/5/2020 13:37,0,513VU BRL WTH,19/5/2020,13,40,88,83.1375,275.6,6.728,0,0,7,12,0.62,4.6374,2,11.5
29/5/2020 13:38,0,513VU BRL WTH,19/5/2020,13,40,88,83.175,272,6.648,0,0,8,22,0.62,4.6374,2,11.5
29/5/2020 13:56,0,513VU BRL WTH,19/5/2020,15,42,88,83.25,269.4,6.128,0,0,14,8,0.62,4.6374,2,11.5
29/5/2020 15:36,0,513VF BRL WTH,19/5/2020,14,38,90,84.15,281.4,6.716,0,0,7,31,0.62,4.4385,4,11.4
29/5/2020 15:38,0,513VF BRL WTH,19/5/2020,14,38,90,83.1,309.2,6.464,0,0,8,11,0.62,4.4385,4,11.4
29/5/2020 15:40,0,513VF BRL WTH,19/5/2020,14,40,90,83.1375,299,6.172,0,0,9,37,0.62,4.4385,4,11.4
29/5/2020 16:07,0,513VF BRL WTH,19/5/2020,12,42,90,86.4,281.8,6.908,0,0,9,46,0.62,4.4385,4,11.4
29/5/2020 16:11,0,513VF BRL WTH,19/5/2020,14,42,90,85.65,263,6.932,0,0,10,6,0.62,4.4385,4,11.4
29/5/2020 16:27,0,513VF BRL WTH,19/5/2020,15,42,90,85.65,292.4,6.472,0,0,10,10,0.62,4.4385,4,11.4
29/5/2020 22:07,0,540VF/540VFEX  DCK BRL FIN,28/4/2020,12,41,95.6,84,225.4,5.432,0,0,4,7,0.62,4.8104,0.8,11.8
29/5/2020 22:19,0,540VF/540VFEX  DCK BRL FIN,28/4/2020,12,40,95.6,83.925,244.4,5.304,0,0,5,1,0.62,4.8104,0.8,11.8
29/5/2020 22:29,0,540VF/540VFEX  DCK BRL FIN,28/4/2020,13,38,95.6,87.375,251.6,5.088,0,0,5,3,0.62,4.8104,0.8,11.8
29/5/2020 22:40,0,540VF/540VFEX  DCK BRL FIN,28/4/2020,13,38,95.6,88.3875,242.4,5.624,0,0,5,23,0.62,4.8104,0.8,11.8
29/5/2020 23:34,0,540VF/540VFEX  DCK BRL FIN,28/4/2020,13,39,95.6,84.375,252.2,6.752,0,0,6,16,0.62,4.8104,0.8,11.8
30/5/2020 0:40,0,513VT BRL WTH,19/5/2020,14,39,91,83.3625,256.8,4.22,0,0,3,58,0.62,4.0859,3.2,11.1
30/5/2020 0:45,0,513VT BRL WTH,19/5/2020,14,39,91,88.5,374.8,3.948,0,0,4,21,0.62,4.0859,3.2,11.1
30/5/2020 1:03,0,513VT BRL WTH,19/5/2020,14,38,91,85.275,279.4,4.68,0,0,5,11,0.62,4.0859,3.2,11.1
30/5/2020 1:07,0,513VT BRL WTH,19/5/2020,14,38,91,87.4125,343.6,4.756,0,0,5,29,0.62,4.0859,3.2,11.1
30/5/2020 1:07,0,513VT BRL WTH,19/5/2020,12,38,91,87.375,355.6,4.524,0,0,5,35,0.62,4.0859,3.2,11.1
30/5/2020 1:53,0,513VT BRL WTH,19/5/2020,13,40,91,86.6625,230.6,5.728,0,0,5,31,0.62,4.0859,3.2,11.1
30/5/2020 2:11,0,513VT BRL WTH,19/5/2020,14,41,91,87.975,241.8,5.312,0,0,5,37,0.62,4.0859,3.2,11.1
30/5/2020 2:15,0,513VT BRL WTH,19/5/2020,14,41,91,89.5125,375.8,5.468,0,0,6,15,0.62,4.0859,3.2,11.1
30/5/2020 4:41,0,513VU BRL WTH,19/5/2020,12,36,91,83.2875,227.8,5.312,0,0,5,9,0.62,4.0859,3.2,11.1
30/5/2020 4:54,0,513VU BRL WTH,19/5/2020,13,37,91,85.2375,225.2,4.34,0,0,5,16,0.62,4.0859,3.2,11.1
30/5/2020 5:03,0,513VU BRL WTH,19/5/2020,14,37,91,86.25,230.6,5.884,0,0,5,21,0.62,4.0859,3.2,11.1
30/5/2020 8:57,0,548V/548VEX  DCK BRL PRE,28/4/2020,11,38,95,84.825,234.4,6.752,0,0,10,23,0.62,4.8104,1.033333,11.5
30/5/2020 10:03,0,548V/548VEX  DCK BRL PRE,28/4/2020,11,38,95,83.7,253.6,5.716,0,0,6,13,0.62,4.8104,1.033333,11.5
30/5/2020 11:12,0,548V/548VEX  DCK BRL PRE,28/4/2020,12,38,95,85.725,240,4.784,0,0,6,20,0.62,4.8104,1.033333,11.5
30/5/2020 13:16,0,534N/534ND Enz MTB BRD,28/4/2020,11,36,86,86.175,260.8,5.252,0,0,4,42,0.62,4.8171,4,11.5
30/5/2020 13:20,0,534N/534ND Enz MTB BRD,28/4/2020,11,39,86,83.0625,306.2,4.544,0,0,7,39,0.62,4.8171,4,11.5
30/5/2020 13:22,0,534N/534ND Enz MTB BRD,28/4/2020,11,39,86,83.25,295.4,4.14,0,0,8,26,0.62,4.8171,4,11.5
30/5/2020 13:25,0,534N/534ND Enz MTB BRD,28/4/2020,11,39,86,83.1,301.8,3.972,0,0,10,39,0.62,4.8171,4,11.5
30/5/2020 13:26,0,534N/534ND Enz MTB BRD,28/4/2020,11,40,86,83.2125,295.8,4.068,0,0,11,23,0.62,4.8171,4,11.5
30/5/2020 15:14,0,513VF BRL WTH,19/5/2020,15,40,89,84.15,289.2,4.612,0,0,6,31,0.62,4.4385,2,11.5
30/5/2020 17:38,0,548VH,28/5/2020,10,35,97,83.325,227.4,6.48,0,0,6,17,0.62,4.8086,1.166666,11.5
30/5/2020 17:39,0,548VH,28/5/2020,11,35,97,84.6375,234,6.316,0,0,6,25,0.62,4.8086,1.166666,11.5
30/5/2020 17:58,0,548VH,28/5/2020,11,36,97,83.0625,255.8,5.056,0,0,9,42,0.62,4.8086,1.166666,11.5
30/5/2020 18:10,0,548VH,28/5/2020,12,38,97,84.0375,273.2,4.896,0,0,11,18,0.62,4.8086,1.166666,11.5
30/5/2020 20:54,0,540VF/540VFEX  DCK BRL FIN,28/4/2020,12,36,97,84.45,245.8,5.236,0,0,4,53,0.62,4.8104,1,11.5
30/5/2020 21:02,0,540VF/540VFEX  DCK BRL FIN,28/4/2020,13,36,97,85.8,256.8,5.28,0,0,4,59,0.62,4.8104,1,11.5
30/5/2020 23:39,0,513VF BRL WTH,19/5/2020,13,36,90,85.05,274.4,4.812,0,0,5,27,0.62,4.4385,4,11.8
30/5/2020 23:41,0,513VF BRL WTH,19/5/2020,13,36,90,83.0625,273.4,4.612,0,0,6,3,0.62,4.4385,4,11.8
30/5/2020 23:44,0,513VF BRL WTH,19/5/2020,13,37,90,83.325,274.2,4.56,0,0,7,18,0.62,4.4385,4,11.8
30/5/2020 23:47,0,513VF BRL WTH,19/5/2020,13,38,90,83.2125,270.4,4.812,0,0,9,17,0.62,4.4385,4,11.8
31/5/2020 0:56,0,513VF BRL WTH,19/5/2020,14,38,90,85.7625,257.8,5.2,0,0,9,24,0.62,4.4385,4,11.8
31/5/2020 1:28,0,513VF BRL WTH,19/5/2020,15,39,90,85.9875,274.4,7.088,0,0,9,32,0.62,4.4385,4,11.8
31/5/2020 3:52,0,513VT BRL WTH,19/5/2020,12,39,90,83.325,255,6.144,0,0,5,47,0.62,4.0859,5.333333,11.5
31/5/2020 3:53,0,513VT BRL WTH,19/5/2020,12,39,90,83.25,253.8,5.74,0,0,6,4,0.62,4.0859,5.333333,11.5
31/5/2020 3:55,0,513VT BRL WTH,19/5/2020,12,39,90,83.25,265.8,5.776,0,0,6,22,0.62,4.0859,5.333333,11.5
31/5/2020 4:10,0,513VT BRL WTH,19/5/2020,13,39,90,84.6375,243.2,5.752,0,0,6,23,0.62,4.0859,5.333333,11.5
31/5/2020 4:12,0,513VT BRL WTH,19/5/2020,14,39,90,86.1,250,5.632,0,0,6,29,0.62,4.0859,5.333333,11.5
31/5/2020 4:19,0,513VT BRL WTH,19/5/2020,15,39,90,87.225,246.4,4.972,0,0,6,36,0.62,4.0859,5.333333,11.5
31/5/2020 4:49,0,513VT BRL WTH,19/5/2020,15,39,90,83.175,279,2.008,0,0,8,56,0.62,4.0859,5.333333,11.5
31/5/2020 5:15,0,513VT BRL WTH,19/5/2020,15,39,90,88.575,380.6,4.692,0,0,9,13,0.62,4.0859,5.333333,11.5
1/6/2020 8:38,0,540VF/540VFEX  DCK BRL FIN,28/4/2020,12,39,96,83.4375,233.8,1.508,0,0,6,9,0.62,4.8104,1,11.5
1/6/2020 22:03,0,540VF/540VFEX  DCK BRL FIN,28/4/2020,12,34,97,83.25,233,3.724,0,0,8,33,0.62,4.8104,0.933333,11.6
1/6/2020 23:44,0,540VF/540VFEX  DCK BRL FIN,28/4/2020,12,34,97,83.2125,261.4,3.476,0,0,16,38,0.62,4.8104,0.933333,11.6
1/6/2020 23:46,0,540VF/540VFEX  DCK BRL FIN,28/4/2020,12,34,97,83.175,257.4,3.496,0,0,17,22,0.62,4.8104,0.933333,11.6
1/6/2020 23:55,0,540VF/540VFEX  DCK BRL FIN,28/4/2020,12,34,97,82.9875,247.4,3.448,0,0,21,32,0.62,4.8104,0.933333,11.6
2/6/2020 0:04,0,540VF/540VFEX  DCK BRL FIN,28/4/2020,12,34,97,83.025,256.2,3.712,0,0,25,24,0.62,4.8104,0.933333,11.6
2/6/2020 0:05,0,540VF/540VFEX  DCK BRL FIN,28/4/2020,13,36,97,83.325,260,3.676,0,0,26,27,0.62,4.8104,0.933333,11.6
2/6/2020 0:53,0,548V/548VEX  DCK BRL PRE,28/4/2020,12,34,96,83.25,250.6,3.46,0,0,4,15,0.62,4.8104,4.945,11.8
2/6/2020 0:58,0,548V/548VEX  DCK BRL PRE,28/4/2020,12,34,96,83.1,254.4,3.42,0,0,4,36,0.62,4.8104,4.945,11.8
2/6/2020 3:14,0,532N/532ND (Enz) MTB GRW,28/4/2020,12,35,92,86.175,294.4,3.444,0,0,5,31,0.62,4.5175,5.475,11.5
2/6/2020 3:16,0,532N/532ND (Enz) MTB GRW,28/4/2020,12,34,92,83.325,312.4,3.732,0,0,5,59,0.62,4.5175,5.475,11.5
2/6/2020 4:41,0,513VF BRL WTH,19/5/2020,14,38,89,83.7,249,3.724,0,0,4,48,0.62,4.8915,2.64,11.5
2/6/2020 5:53,0,513VU BRL WTH,19/5/2020,14,38,90,84.6375,233.8,4.184,0,0,8,23,0.62,4.8708,2.32,11.5
2/6/2020 5:57,0,513VU BRL WTH,19/5/2020,15,39,90,86.1,246,3.672,0,0,8,33,0.62,4.8708,2.32,11.5
2/6/2020 6:40,0,513VU BRL WTH,19/5/2020,15,39,90,84.2625,226,3.46,0,0,9,10,0.62,4.8708,2.32,11.5
2/6/2020 15:35,0,540VT,28/4/2020,10,32,98,83.1,212.6,3.468,0,0,9,19,0.62,4.788,1,11.5
2/6/2020 16:47,0,513VT BRL WTH,19/5/2020,13,33,92,83.5875,253.6,3.56,0,0,1,6,0.62,4.0859,1.87,11.8
2/6/2020 16:49,0,513VT BRL WTH,19/5/2020,13,36,92,83.325,247,3.32,0,0,2,54,0.62,4.0859,1.87,11.8
2/6/2020 18:46,0,513VT BRL WTH,19/5/2020,15,36,92,84.6,243,3.644,0,0,3,39,0.62,4.0859,1.87,11.8
2/6/2020 21:33,0,513VU BRL WTH,19/5/2020,15,36,90,83.4,248.6,3.744,0,0,2,4,0.62,4.8708,2.658333,11.5
3/6/2020 1:02,0,540VF/540VFEX  DCK BRL FIN,28/4/2020,13,34,96.8,88.5,213,3.468,0,0,9,54,0.62,4.8915,0.74,12
3/6/2020 1:02,0,540VF/540VFEX  DCK BRL FIN,28/4/2020,14,34,96.8,88.5,219,3.504,0,0,9,58,0.62,4.8915,0.74,12
3/6/2020 1:06,0,540VF/540VFEX  DCK BRL FIN,28/4/2020,14,35,96.8,84.1875,228.4,3.704,0,0,10,48,0.62,4.8915,0.74,12
3/6/2020 1:12,0,540VF/540VFEX  DCK BRL FIN,28/4/2020,14,35,96.8,84.375,234.6,3.792,0,0,11,49,0.62,4.8915,0.74,12
3/6/2020 1:23,0,540VF/540VFEX  DCK BRL FIN,28/4/2020,15,34,96.8,89.0625,240.8,3.508,0,0,11,54,0.62,4.8915,0.74,12
3/6/2020 4:45,0,513VF BRL WTH,19/5/2020,15,35,89,83.175,269.8,3.784,0,0,9,13,0.62,4.8915,2.938333,11.5
3/6/2020 5:28,0,513VF BRL WTH,19/5/2020,16,36,89,84.3375,283.6,3.736,0,0,9,17,0.62,4.8915,2.938333,11.5
12/6/2020 14:40,0,513VT BRL WTH,19/5/2020,13,33,88,83.175,261,4.3,0,0,18,43,0.62,4.0859,1.907142,11.5
12/6/2020 15:21,0,513VT BRL WTH,19/5/2020,14,35,88,83.175,250.2,4.26,0,0,30,30,0.62,4.0859,1.907142,11.5
13/6/2020 0:44,0,513VT BRL WTH,19/5/2020,11,36,92.2,83.5875,200.8,4.06,0,0,4,16,0.62,4.0859,1.03,11.8
13/6/2020 0:45,0,513VT BRL WTH,19/5/2020,12,36,92.2,85.875,204.4,4.052,0,0,4,19,0.62,4.0859,1.03,11.8
13/6/2020 1:44,0,513VT BRL WTH,19/5/2020,13,38,92.2,87,228.2,3.648,0,0,4,25,0.62,4.0859,1.03,11.8
13/6/2020 1:48,0,513VT BRL WTH,19/5/2020,14,38,92.2,86.2125,266.4,3.692,0,0,4,41,0.62,4.0859,1.03,11.8
13/6/2020 2:04,0,513VT BRL WTH,19/5/2020,15,38,92.2,88.0875,273.4,3.584,0,0,4,47,0.62,4.0859,1.03,11.8
13/6/2020 2:34,0,513VT BRL WTH,19/5/2020,15,38,92.2,83.8125,271.4,3.328,0,0,5,35,0.62,4.0859,1.03,11.8
13/6/2020 3:49,0,513VT BRL WTH,19/5/2020,12,38,90,84,216.8,3.692,0,0,2,41,0.62,4.0859,2,12
13/6/2020 3:52,0,513VT BRL WTH,19/5/2020,12,38,90,83.1,263,3.676,0,0,4,20,0.62,4.0859,2,12
13/6/2020 4:08,0,513VT BRL WTH,19/5/2020,13,38,90,84.225,276,3.388,0,0,4,21,0.62,4.0859,2,12
13/6/2020 4:45,0,513VT BRL WTH,19/5/2020,13,38,90,88.4625,351.6,3.672,0,0,4,24,0.62,4.0859,2,12
13/6/2020 6:21,0,513VT BRL WTH,19/5/2020,12,37,90,83.8875,229.8,3.552,0,0,13,12,0.62,4.0859,4.2,11.4
13/6/2020 9:13,0,513VF BRL WTH,8/6/2020,12,38,90,83.2875,213.8,3.668,0,0,8,57,0.62,4.3753,2.142857,11.5
13/6/2020 9:31,0,513VF BRL WTH,8/6/2020,15,36,90,83.4375,268,3.64,0,0,11,21,0.62,4.3753,2.142857,11.5
13/6/2020 10:26,0,513VF BRL WTH,8/6/2020,10,38,90,84.975,241,4.052,0,0,15,30,0.62,4.3753,2.142857,11.5
13/6/2020 10:29,0,513VF BRL WTH,8/6/2020,15,38,90,85.7625,262,4.048,0,0,16,37,0.62,4.3753,2.142857,11.5
13/6/2020 12:57,0,549VFH,9/6/2020,12,33,96,83.325,249.8,3.636,0,0,8,35,0.62,4.5955,1,11.5
13/6/2020 13:45,0,549VFH,9/6/2020,13,34,96,84.15,251.6,4.08,0,0,8,43,0.62,4.5955,1,11.5
13/6/2020 13:49,0,549VFH,9/6/2020,13,34,96,83.25,264.4,4.04,0,0,10,51,0.62,4.5955,1,11.5
13/6/2020 13:56,0,549VFH,9/6/2020,13,34,96,83.0625,270.2,4.044,0,0,13,36,0.62,4.5955,1,11.5
13/6/2020 14:10,0,549VFH,9/6/2020,13,35,96,83.0625,278.2,3.64,0,0,18,58,0.62,4.5955,1,11.5
14/6/2020 0:27,0,513VT BRL WTH,8/6/2020,12,38,90,83.25,229.8,4.024,0,0,8,27,0.62,4.0551,4,12
14/6/2020 0:46,0,513VT BRL WTH,8/6/2020,15,38,90,85.9875,232.6,3.44,0,0,8,48,0.62,4.0551,4,12
14/6/2020 0:56,0,513VT BRL WTH,8/6/2020,15,38,90,83.025,250.6,3.404,0,0,18,10,0.62,4.0551,4,12
14/6/2020 1:48,0,513VT BRL WTH,8/6/2020,16,38,90,85.9875,230.8,3.428,0,0,18,15,0.62,4.0551,4,12
14/6/2020 3:07,0,513VT BRL WTH,8/6/2020,16,38,90,84.075,227.8,4.112,0,0,19,9,0.62,4.0551,4,12
15/6/2020 13:13,0,513VF BRL WTH,8/6/2020,13,40,89,83.25,257,4.296,0,0,22,1,0.62,4.3753,2,11.5
15/6/2020 16:07,0,513VF BRL WTH,8/6/2020,13,40,89,83.5875,231.6,4.284,0,0,23,34,0.62,4.3753,2,11.5
15/6/2020 16:13,0,513VF BRL WTH,8/6/2020,13,40,89,83.4,232.8,4.316,0,0,25,30,0.62,4.3753,2,11.5
15/6/2020 17:17,0,513VT BRL WTH,8/6/2020,13,40,88,85.125,220.2,4.312,0,0,6,47,0.62,4.0551,2,11.5
16/6/2020 1:59,0,549V/549VEX DCK BRL GR,8/6/2020,13,33,96.8,83.1,244.6,3.736,0,0,9,46,0.62,4.6,1.213333,11.5
16/6/2020 2:00,0,549V/549VEX DCK BRL GR,8/6/2020,13,34,96.8,83.25,249.6,3.708,0,0,10,0,0.62,4.6,1.213333,11.5
16/6/2020 2:09,0,549V/549VEX DCK BRL GR,8/6/2020,13,33,96.8,83.55,274.2,3.476,0,0,17,35,0.62,4.6,1.213333,11.5
16/6/2020 2:20,0,549V/549VEX DCK BRL GR,8/6/2020,13,34,96.8,83.25,281.6,3.58,0,0,24,40,0.62,4.6,1.213333,11.5
16/6/2020 2:31,0,549V/549VEX DCK BRL GR,8/6/2020,13,34,96.8,83.1375,273,3.432,0,0,26,12,0.62,4.6,1.213333,11.5
16/6/2020 2:49,0,549V/549VEX DCK BRL GR,8/6/2020,13,35,96.8,83.175,253.4,3.372,0,0,27,13,0.62,4.6,1.213333,11.5
16/6/2020 3:41,0,513VT BRL WTH,8/6/2020,13,33,90,85.0875,222.2,4.868,0,0,6,42,0.62,4.0551,3.2,11.1
16/6/2020 3:43,0,513VT BRL WTH,8/6/2020,13,34,90,83.1,225.4,4.6,0,0,6,43,0.62,4.0551,3.2,11.1
16/6/2020 3:46,0,513VT BRL WTH,8/6/2020,13,34,90,83.025,225.8,4.088,0,0,9,50,0.62,4.0551,3.2,11.1
16/6/2020 3:49,0,513VT BRL WTH,8/6/2020,13,36,90,83.3625,223.6,4.044,0,0,12,13,0.62,4.0551,3.2,11.1
16/6/2020 14:24,0,549VF/549VFEX DCK BRL GR,8/6/2020,10,30,97,84.4875,243.4,3.656,0,0,7,16,0.62,4.6032,1,11.5
16/6/2020 14:29,0,549VF/549VFEX DCK BRL GR,8/6/2020,10,35,97,83.025,217.8,3.656,0,0,12,25,0.62,4.6032,1,11.5
16/6/2020 14:38,0,549VF/549VFEX DCK BRL GR,8/6/2020,10,30,97,85.9875,226.6,3.612,0,0,14,27,0.62,4.6032,1,11.5
16/6/2020 14:59,0,549VF/549VFEX DCK BRL GR,8/6/2020,10,32,97,83.175,218.4,3.384,0,0,33,26,0.62,4.6032,1,11.5
16/6/2020 15:33,0,549VF/549VFEX DCK BRL GR,8/6/2020,10,37,97,83.1,233.8,3.4,0,0,62,52,0.62,4.6032,1,11.5
16/6/2020 15:34,0,549VF/549VFEX DCK BRL GR,8/6/2020,10,37,97,83.0625,240,3.42,0,0,62,54,0.62,4.6032,1,11.5
16/6/2020 15:59,0,549VF/549VFEX DCK BRL GR,8/6/2020,10,37,97,83.325,226.4,2.9,0,0,64,34,0.62,4.6032,1,11.5
16/6/2020 16:01,0,549VF/549VFEX DCK BRL GR,8/6/2020,10,37,97,83.1375,227.4,2.7,0,0,65,11,0.62,4.6032,1,11.5
16/6/2020 16:03,0,549VF/549VFEX DCK BRL GR,8/6/2020,10,37,97,83.175,221.8,2.956,0,0,65,47,0.62,4.6032,1,11.5
16/6/2020 16:36,0,549VF/549VFEX DCK BRL GR,8/6/2020,10,36,97,83.1375,218.6,3.644,0,0,4,34,0.62,4.6032,2,11.5
16/6/2020 16:49,0,549VF/549VFEX DCK BRL GR,8/6/2020,10,36,97,83.25,226.6,3.504,0,0,4,51,0.62,4.6032,2,11.5
16/6/2020 17:22,0,549VF/549VFEX DCK BRL GR,8/6/2020,10,36,96,83.4375,246.2,4.08,0,0,6,44,0.62,4.6032,2,12
16/6/2020 17:46,0,549VF/549VFEX DCK BRL GR,8/6/2020,10,36,96,83.1375,233.2,4.272,0,0,6,59,0.62,4.6032,2,12
16/6/2020 17:49,0,549VF/549VFEX DCK BRL GR,8/6/2020,10,36,96,83.1375,231.8,4.26,0,0,8,24,0.62,4.6032,2,12
16/6/2020 17:56,0,549VF/549VFEX DCK BRL GR,8/6/2020,10,36,96,83.25,226,4.268,0,0,14,13,0.62,4.6032,2,12
17/6/2020 0:18,0,549V/549VEX DCK BRL GR,8/6/2020,10,36,97,83.1375,227.8,3.568,0,0,7,51,0.62,4.6,1,12
17/6/2020 0:31,0,549V/549VEX DCK BRL GR,8/6/2020,10,36,97,82.9875,223,3.364,0,0,14,16,0.62,4.6,1,12
17/6/2020 2:12,0,513VF BRL WTH,8/6/2020,11,36,92,83.4375,211.8,3.42,0,0,3,53,0.62,4.3753,4,11.5
17/6/2020 2:12,0,513VF BRL WTH,8/6/2020,12,36,92,85.3125,204.8,3.364,0,0,4,0,0.62,4.3753,4,11.5
17/6/2020 6:42,0,513VU BRL WTH,8/6/2020,12,36,90.53,83.55,183.6,4.076,0,0,5,55,0.62,4.6821,0,12
17/6/2020 6:49,0,513VU BRL WTH,8/6/2020,12,38,90.53,83.325,222.2,4.096,0,0,10,14,0.62,4.6821,2.25,12
17/6/2020 7:37,0,513VU BRL WTH,8/6/2020,12,38,90.53,83.325,214.2,4.244,0,0,11,15,0.62,4.6821,2.25,12
17/6/2020 15:44,0,513VF BRL WTH,8/6/2020,12,38,89,83.025,232,4.304,0,0,5,24,0.62,4.3753,3.2,11.1
17/6/2020 22:18,0,549VF/549VFEX DCK BRL GR,8/6/2020,12,25,97.1,85.9125,219.4,4.472,0,0,7,56,0.62,4.6032,1.22,11.5
17/6/2020 22:26,0,549VF/549VFEX DCK BRL GR,8/6/2020,12,38,97.1,83.325,254.6,4.052,0,0,14,36,0.62,4.6032,1.22,11.5
17/6/2020 22:35,0,549VF/549VFEX DCK BRL GR,8/6/2020,12,30,97.1,88.6875,307.4,3.588,0,0,14,59,0.62,4.6032,1.22,11.5
17/6/2020 22:36,0,549VF/549VFEX DCK BRL GR,8/6/2020,12,30,97.1,87.8625,271,3.428,0,0,15,1,0.62,4.6032,1.22,11.5
17/6/2020 22:43,0,549VF/549VFEX DCK BRL GR,8/6/2020,12,35,97.1,82.9875,253.2,3.656,0,0,20,51,0.62,4.6032,1.22,11.5
17/6/2020 22:45,0,549VF/549VFEX DCK BRL GR,8/6/2020,12,35,97.1,83.2875,252,3.644,0,0,21,43,0.62,4.6032,1.22,11.5
17/6/2020 22:47,0,549VF/549VFEX DCK BRL GR,8/6/2020,12,35,97.1,83.1375,253.6,4.688,0,0,22,52,0.62,4.6032,1.22,11.5
18/6/2020 0:45,0,549VF/549VFEX DCK BRL GR,8/6/2020,12,35,97.6,84.2625,217.6,4.084,0,0,3,49,0.62,4.6032,1.22,11.5
18/6/2020 0:50,0,549VF/549VFEX DCK BRL GR,8/6/2020,12,35,97.6,83.25,247.2,4.088,0,0,4,39,0.62,4.6032,1.22,11.5
18/6/2020 1:34,0,549VF/549VFEX DCK BRL GR,8/6/2020,12,35,97.6,83.0625,254.8,3.696,0,0,6,11,0.62,4.6032,1.22,11.5
18/6/2020 1:49,0,549VF/549VFEX DCK BRL GR,8/6/2020,12,36,97.6,83.175,254.2,3.696,0,0,20,2,0.62,4.6032,1.22,11.5
18/6/2020 2:24,0,513VF BRL WTH,8/6/2020,12,35,89.5,83.325,207.6,3.364,0,0,7,34,0.62,4.3753,1.86,11.4
18/6/2020 2:26,0,513VF BRL WTH,8/6/2020,12,36,89.5,83.1,218.2,3.62,0,0,8,26,0.62,4.3753,1.86,11.4
18/6/2020 2:27,0,513VF BRL WTH,8/6/2020,13,36,89.5,83.55,229.6,3.684,0,0,8,31,0.62,4.3753,1.86,11.4
18/6/2020 2:32,0,513VF BRL WTH,8/6/2020,13,37,89.5,83.1,239.4,3.264,0,0,11,58,0.62,4.3753,1.86,11.4
18/6/2020 2:36,0,513VF BRL WTH,8/6/2020,13,38,89.5,83.25,244,3.192,0,0,13,29,0.62,4.3753,1.86,11.4
20/9/2020 3:55,0,549V/549VEX DCK BRL GR,15/9/2020,12,35,97.2,83.5125,240,4.228,0,0,1,33,0.62,4.7908,1.23,11.1
20/9/2020 3:59,0,549V/549VEX DCK BRL GR,15/9/2020,12,35,97.2,83.2125,230,4.104,0,0,1,43,0.62,4.7908,1.23,11.1
20/9/2020 4:00,0,549V/549VEX DCK BRL GR,15/9/2020,12,36,97.2,83.25,232.2,4.112,0,0,2,8,0.62,4.7908,1.23,11.1
21/9/2020 9:30,0,540VF/540VFEX  DCK BRL FIN,15/9/2020,11,42,96,84.15,208.6,4.304,0,0,2,42,0.62,4.7205,1.1,11
21/9/2020 9:35,0,540VF/540VFEX  DCK BRL FIN,15/9/2020,12,34,96,83.55,221,4.312,0,0,5,34,0.62,4.7205,1.1,11
21/9/2020 9:37,0,540VF/540VFEX  DCK BRL FIN,15/9/2020,12,35,96,83.025,236.8,4.296,0,0,6,47,0.62,4.7205,1.1,11
21/9/2020 10:24,0,540VF/540VFEX  DCK BRL FIN,15/9/2020,12,35,96,83.1375,239.6,4.288,0,0,5,44,0.62,4.7205,1.1,11
21/9/2020 11:02,0,540VF/540VFEX  DCK BRL FIN,15/9/2020,12,35,96,83.25,234.4,4.26,0,0,13,54,0.62,4.7205,1.1,11
21/9/2020 11:10,0,540VF/540VFEX  DCK BRL FIN,15/9/2020,12,35,96,83.3625,226,4.244,0,0,14,38,0.62,4.7205,1.1,11
21/9/2020 11:20,0,540VF/540VFEX  DCK BRL FIN,15/9/2020,12,34,96,83.25,232.8,4.28,0,0,16,52,0.62,4.7205,1.1,11
21/9/2020 11:22,0,540VF/540VFEX  DCK BRL FIN,15/9/2020,12,34,96,83.25,232.2,4.284,0,0,17,12,0.62,4.7205,1.1,11
21/9/2020 11:24,0,540VF/540VFEX  DCK BRL FIN,15/9/2020,12,34,96,83.1375,231,4.288,0,0,17,46,0.62,4.7205,1.1,11
21/9/2020 11:27,0,540VF/540VFEX  DCK BRL FIN,15/9/2020,12,34,96,83.025,229.6,4.284,0,0,18,15,0.62,4.7205,1.1,11
21/9/2020 18:08,0,549VF/549VFEX DCK BRL GR,15/9/2020,12,30,96.1,79.575,214.4,4.272,0,0,1,37,0.62,4.6939,1.02,12
21/9/2020 19:01,0,549VF/549VFEX DCK BRL GR,15/9/2020,12,32,96.1,83.1375,215.8,4.272,0,0,2,8,0.62,4.6939,0.838,11.8
22/9/2020 0:54,0,549VFH,15/9/2020,11,34,96.52,83.025,215.2,4.84,0,0,2,48,0.62,4.6909,1.86,12
22/9/2020 20:13,0,549VF/549VFEX DCK BRL GR,15/9/2020,12,34,96,84.975,213.8,3.304,0,0,2,25,0.62,4.6939,1.022222,12
25/9/2020 12:46,0,549V/549VEX DCK BRL GR,15/9/2020,13,34,96,87.675,252,4.3,0,0,4,24,0.62,4.7908,1.1,11.5
26/9/2020 3:30,0,513VU BRL WTH,15/9/2020,12,32,92.46,83.4375,239.6,3.328,0,0,2,53,0.62,4.9048,3.1,11.4
26/9/2020 10:50,0,549VF/549VFEX DCK BRL GR,15/9/2020,13,32,96.04,83.925,240.2,4.26,0,0,1,36,0.62,4.6939,1.462,11.9
26/9/2020 10:59,0,549VF/549VFEX DCK BRL GR,15/9/2020,14,33,96.04,84.6375,247.2,4.256,0,0,1,41,0.62,4.6939,1.462,11.9
26/9/2020 14:14,0,513VT BRL WTH,15/9/2020,16,39,89.96,88.0875,259.6,3.4,0,0,3,44,0.62,4.1583,2.242,11.9
26/9/2020 18:26,0,513VT BRL WTH,15/9/2020,15,38,89.2,83.625,218.8,4.268,0,0,3,3,0.62,4.1583,2.493333,11.3
26/9/2020 18:28,0,513VT BRL WTH,15/9/2020,16,40,89.2,88.275,231.8,4.272,0,0,3,17,0.62,4.1583,2.493333,11.3
26/9/2020 20:40,0,513VT BRL WTH,15/9/2020,14,36,89.2,90.9375,226.6,3.396,0,0,3,28,0.62,4.1583,2.493333,11.3
26/10/2020 10:21,0,513VT BRL WTH,5/10/2020,11,27,86,78.8625,229.4,4.224,0,0,0,7,0.62,4.3883,3,11.5
26/10/2020 11:15,0,513VT BRL WTH,5/10/2020,13,30,86,89.0625,201,3.504,0,0,0,18,0.62,4.3883,3,11.5
30/10/2020 14:06,0,513VF BRL WTH,26/10/2020,12,30,88,98.4,254.2,4.292,0,0,2,16,0.62,4.5442,2.948,11.5
30/10/2020 14:06,0,513VF BRL WTH,26/10/2020,12,28,88,102.1875,257.4,4.288,0,0,2,17,0.62,4.5442,2.948,11.5
30/10/2020 14:29,0,513VF BRL WTH,26/10/2020,12,28,88,108.7875,272.8,4.276,0,0,2,19,0.62,4.5442,2.948,11.5
30/10/2020 15:25,0,513VF BRL WTH,26/10/2020,12,28,88,107.475,271,4.268,0,0,2,25,0.62,4.5442,2.948,11.5
30/10/2020 15:27,0,513VF BRL WTH,26/10/2020,12,28,88,107.8125,270.2,4.292,0,0,2,35,0.62,4.5442,2.948,11.5
30/10/2020 15:53,0,513VF BRL WTH,26/10/2020,12,29,88,88.425,266.4,4.3,0,0,2,35,0.62,4.5442,2.948,11.5
30/10/2020 15:54,0,513VF BRL WTH,26/10/2020,12,29,88,87.8625,277.4,4.292,0,0,2,38,0.62,4.5442,2.948,11.5
30/10/2020 16:02,0,513VF BRL WTH,26/10/2020,12,29,88,90.1125,270.8,4.3,0,0,2,40,0.62,4.5442,2.948,11.5
30/10/2020 16:07,0,513VF BRL WTH,26/10/2020,12,29,88,83.0625,305.6,4.312,0,0,2,44,0.62,4.5442,2.948,11.5
30/10/2020 16:08,0,513VF BRL WTH,26/10/2020,12,29,88,88.125,274.2,4.312,0,0,2,45,0.62,4.5442,2.948,11.5
30/10/2020 16:10,0,513VF BRL WTH,26/10/2020,12,29,88,89.4375,260.8,4.312,0,0,2,47,0.62,4.5442,2.948,11.5
30/10/2020 16:10,0,513VF BRL WTH,26/10/2020,12,29,88,89.4375,256.4,4.316,0,0,2,48,0.62,4.5442,2.948,11.5
30/10/2020 16:13,0,513VF BRL WTH,26/10/2020,12,29,88,91.0125,257.4,4.312,0,0,2,50,0.62,4.5442,2.948,11.5
31/10/2020 8:57,0,549VF/549VFEX DCK BRL GR,26/10/2020,12,30,96,84.1875,240.6,2.716,0,0,1,8,0.62,4.6272,1.205,11.5
31/10/2020 10:45,0,549VF/549VFEX DCK BRL GR,26/10/2020,12,30,96,83.2125,236.8,3.68,0,0,2,4,0.62,4.6272,1.133333,11.5
31/10/2020 13:43,0,549V/549VEX DCK BRL GR,26/10/2020,12,26,96,83.4,206.4,4.16,0,0,1,24,0.62,4.5069,1.2,11.5
31/10/2020 14:05,0,549V/549VEX DCK BRL GR,26/10/2020,12,31,96,83.1,238,3.636,0,0,11,0,0.62,4.5069,1.2,11.5
31/10/2020 14:22,0,549V/549VEX DCK BRL GR,26/10/2020,12,31,96,83.325,230.4,3.644,1,0,16,11,0.62,4.5069,1.2,11.5
31/10/2020 14:24,0,549V/549VEX DCK BRL GR,26/10/2020,12,31,96,83.325,246.2,3.596,1,0,16,23,0.62,4.5069,1.2,11.5
31/10/2020 14:54,0,549V/549VEX DCK BRL GR,26/10/2020,12,31,96,83.2125,232.6,3.524,7,0,20,13,0.62,4.5069,1.2,11.5
31/10/2020 15:18,0,549V/549VEX DCK BRL GR,26/10/2020,12,31,96,83.325,226.6,4.772,12,0,33,55,0.62,4.5069,1.2,11.5
31/10/2020 15:19,0,549V/549VEX DCK BRL GR,26/10/2020,12,31,96,83.2125,237.6,4.648,12,0,34,11,0.62,4.5069,1.2,11.5
31/10/2020 15:34,0,549V/549VEX DCK BRL GR,26/10/2020,12,31,96,83.4,245,3.388,15,0,34,31,0.62,4.5069,1.2,11.5
31/10/2020 15:36,0,549V/549VEX DCK BRL GR,26/10/2020,12,31,96,83.2125,246.4,3.46,16,0,34,34,0.62,4.5069,1.2,11.5
31/10/2020 15:38,0,549V/549VEX DCK BRL GR,26/10/2020,12,31,96,83.4375,225.6,3.376,16,0,35,0,0.62,4.5069,1.2,11.5
31/10/2020 15:40,0,549V/549VEX DCK BRL GR,26/10/2020,12,31,96,83.2125,240.2,3.324,17,0,35,27,0.62,4.5069,1.2,11.5
31/10/2020 15:54,0,549V/549VEX DCK BRL GR,26/10/2020,12,31,96,83.2125,254.4,3.38,20,0,37,7,0.62,4.5069,1.2,11.5
2/11/2020 16:29,0,548VH,26/10/2020,13,35,95.86,84.75,251.2,4.316,202,0,3,14,0.62,4.3684,3.66,11.4
2/11/2020 16:30,0,548VH,26/10/2020,13,35,95.86,83.7375,263,4.312,202,0,3,44,0.62,4.3684,3.66,11.4
2/11/2020 16:31,0,548VH,26/10/2020,14,35,95.86,86.025,274.4,4.312,202,0,3,49,0.62,4.3684,3.66,11.4
2/11/2020 16:32,0,548VH,26/10/2020,14,33,95.86,89.7375,170.2,4.312,202,0,3,59,0.62,4.3684,3.66,11.4
2/11/2020 16:41,0,548VH,26/10/2020,14,30,95.86,83.1,277,4.3,204,0,8,49,0.62,4.3684,3.66,11.4
2/11/2020 17:08,0,548VH,26/10/2020,13,31,95.86,83.1,273.6,4.296,211,0,25,3,0.62,4.3684,3.66,11.4
2/11/2020 17:09,0,548VH,26/10/2020,13,31,95.86,83.2125,279.4,4.304,211,0,25,48,0.62,4.3684,3.66,11.4
2/11/2020 17:12,0,548VH,26/10/2020,13,32,95.86,82.9875,271.8,4.316,212,0,27,54,0.62,4.3684,3.66,11.4
2/11/2020 17:17,0,548VH,26/10/2020,13,30,95.86,83.1,273.8,4.296,213,0,29,10,0.62,4.3684,3.66,11.4
2/11/2020 17:26,0,548VH,26/10/2020,13,30,95.86,83.625,271.2,4.308,215,0,29,20,0.62,4.3684,3.66,11.4
2/11/2020 17:29,0,548VH,26/10/2020,13,30,95.86,83.4375,251.6,4.308,216,0,29,59,0.62,4.3684,3.66,11.4
2/11/2020 18:10,0,548V/548VEX  DCK BRL PRE,26/10/2020,12,32,95.6,82.9875,259.4,4.292,218,0,10,34,0.62,4.3702,3.57,11.4
2/11/2020 22:14,0,549V/549VEX DCK BRL GR,26/10/2020,12,33,96.3,83.1,260.4,3.484,244,0,5,26,0.62,4.5069,1.26,11.4
4/11/2020 22:41,0,548VH,3/11/2020,12,30,95.3,83.7375,248.6,3.508,446,0,16,19,0.62,4.3675,3.46,11.3
5/11/2020 0:03,0,549VF/549VFEX DCK BRL GR,3/11/2020,12,31,95.76,84.975,230.8,3.344,458,0,2,29,0.62,4.6272,1.14,11.3
5/11/2020 1:00,0,549VF/549VFEX DCK BRL GR,3/11/2020,12,36,95.76,85.9125,243.8,3.52,470,0,2,29,0.62,4.6272,1.14,11.3
5/11/2020 5:41,0,513VU BRL WTH,3/11/2020,12,36,92,83.4375,219.4,3.424,524,0,3,47,0.62,4.9521,1.14,11
5/11/2020 5:43,0,513VU BRL WTH,3/11/2020,14,36,92,85.05,221.4,3.296,524,0,4,6,0.62,4.9521,1.14,11
5/11/2020 5:46,0,513VU BRL WTH,3/11/2020,14,30,92,84.225,202,3.344,525,0,4,47,0.62,4.9521,1.14,11
5/11/2020 7:35,0,513VU BRL WTH,3/11/2020,14,32,92,83.4375,222.2,4.128,544,0,2,3,0.62,4.9521,1.14,11
6/11/2020 3:21,0,513VF BRL WTH,3/11/2020,13,37,90,85.5,274,3.512,604,0,0,41,0.62,4.5442,3.6,11.2
6/11/2020 3:24,0,513VF BRL WTH,3/11/2020,13,37,90,85.3875,279,3.4,605,0,2,55,0.62,4.5442,3.6,11.2
6/11/2020 5:31,0,513VF BRL WTH,3/11/2020,13,37,90,83.2875,258.8,3.564,618,0,3,25,0.62,4.5442,3.8,11.2
6/11/2020 5:34,0,513VF BRL WTH,3/11/2020,13,34,90,88.725,214.6,3.488,619,0,4,8,0.62,4.5442,3.8,11.2
6/11/2020 17:55,0,513VF BRL WTH,3/11/2020,12,34,91.2,83.025,292.6,4.264,657,0,4,42,0.62,4.5442,1.425,11.3
6/11/2020 18:00,0,513VF BRL WTH,3/11/2020,12,36,91.2,83.325,274.8,4.28,658,0,9,10,0.62,4.5442,1.425,11.3
6/11/2020 22:24,0,549V/549VEX DCK BRL GR,3/11/2020,12,36,96,83.325,264.8,3.424,679,0,3,57,0.62,4.5059,2,11.2
6/11/2020 23:08,0,549V/549VEX DCK BRL GR,3/11/2020,11,22,96,85.0875,267.2,3.52,688,0,3,23,0.62,4.5059,2,11.2
7/11/2020 2:45,0,549VF/549VFEX DCK BRL GR,3/11/2020,12,29,96.28,87.0375,227.2,3.404,724,0,1,17,0.62,4.6272,1.24,11.3
7/11/2020 7:01,0,548V/548VEX  DCK BRL PRE,3/11/2020,11,37,94,84.1125,273.4,3.448,775,0,4,24,0.62,4.3702,7,11.2
7/11/2020 8:38,0,513VU BRL WTH,3/11/2020,11,36,89,83.625,206.6,3.572,789,0,0,52,0.62,4.9521,3,11.5
7/11/2020 8:59,0,513VU BRL WTH,3/11/2020,11,36,89,83.1,225.2,3.432,793,0,10,35,0.62,4.9521,3,11.5
7/11/2020 9:02,0,513VU BRL WTH,3/11/2020,13,40,89,83.325,224.4,3.42,794,0,12,51,0.62,4.9521,3,11.5
7/11/2020 9:04,0,513VU BRL WTH,3/11/2020,14,38,89,85.575,231.4,3.388,794,0,12,56,0.62,4.9521,3,11.5
7/11/2020 9:31,0,513VU BRL WTH,3/11/2020,14,36,89,83.325,254,3.348,800,0,13,32,0.62,4.9521,3,11.5
7/11/2020 9:35,0,513VU BRL WTH,3/11/2020,14,36,89,83.325,245.2,3.256,802,0,14,37,0.62,4.9521,3,11.5
7/11/2020 9:38,0,513VU BRL WTH,3/11/2020,14,36,89,83.325,244.4,3.36,802,0,15,15,0.62,4.9521,3,11.5
7/11/2020 9:40,0,513VU BRL WTH,3/11/2020,14,36,89,83.325,243.2,3.32,803,0,15,48,0.62,4.9521,3,11.5
7/11/2020 9:42,0,513VU BRL WTH,3/11/2020,14,36,89,83.325,240.6,3.268,803,0,16,24,0.62,4.9521,3,11.5
7/11/2020 9:47,0,513VU BRL WTH,3/11/2020,14,36,89,83.325,240.8,3.316,804,0,19,9,0.62,4.9521,3,11.5
7/11/2020 9:56,0,513VU BRL WTH,3/11/2020,14,36,89,83.2875,251.2,3.296,806,0,24,29,0.62,4.9521,3,11.5
7/11/2020 10:07,0,513VU BRL WTH,3/11/2020,14,36,89,83.325,239.2,3.308,809,0,25,22,0.62,4.9521,3,11.5
7/11/2020 10:11,0,513VU BRL WTH,3/11/2020,14,36,89,83.175,240.6,3.244,810,0,25,53,0.62,4.9521,3,11.5
7/11/2020 10:14,0,513VU BRL WTH,3/11/2020,14,36,89,83.4,234.4,3.436,811,0,26,31,0.62,4.9521,3,11.5
7/11/2020 10:19,0,513VU BRL WTH,3/11/2020,14,36,89,83.2875,245.8,4.588,812,0,28,48,0.62,4.9521,3,11.5
7/11/2020 10:29,0,513VU BRL WTH,3/11/2020,14,36,89,83.325,244,4.124,814,0,35,18,0.62,4.9521,3,11.5
7/11/2020 11:31,0,549VF/549VFEX DCK BRL GR,3/11/2020,11,35,96,83.5125,233.6,3.54,816,0,6,13,0.62,4.6272,1.186363,11.5
7/11/2020 11:33,0,549VF/549VFEX DCK BRL GR,3/11/2020,12,34,96,84.3375,250.8,3.548,816,0,6,16,0.62,4.6272,1.186363,11.5
7/11/2020 11:35,0,549VF/549VFEX DCK BRL GR,3/11/2020,12,35,96,83.7375,245,3.408,816,0,7,15,0.62,4.6272,1.186363,11.5
7/11/2020 14:24,0,549VF/549VFEX DCK BRL GR,3/11/2020,13,33,96,85.9125,243.6,3.408,850,0,7,23,0.62,4.6272,1.186363,11.5
7/11/2020 14:26,0,549VF/549VFEX DCK BRL GR,3/11/2020,13,33,96,83.5125,269.8,3.428,851,0,8,8,0.62,4.6272,1.186363,11.5
7/11/2020 14:29,0,549VF/549VFEX DCK BRL GR,3/11/2020,13,34,96,83.4,266.4,3.376,851,0,8,45,0.62,4.6272,1.186363,11.5
7/11/2020 15:52,0,549VF/549VFEX DCK BRL GR,3/11/2020,13,34,96,83.325,251,3.54,870,0,9,1,0.62,4.6272,1.186363,11.5
7/11/2020 17:38,0,549VLFEX  DCK BRL GR,3/11/2020,12,33,97,83.1,247.6,2.42,884,0,9,16,0.62,4.6602,1.24,11.1
7/11/2020 19:42,0,513VF BRL WTH,3/11/2020,12,36,90.64,83.7375,235.8,3.468,905,0,6,39,0.62,4.5442,1.64,11.3
7/11/2020 19:46,0,513VF BRL WTH,3/11/2020,12,33,90.64,84.3375,222.8,3.488,906,0,8,15,0.62,4.5442,1.64,11.3
8/11/2020 0:45,0,513VU BRL WTH,3/11/2020,14,32,90,84.6375,228.2,3.492,958,0,4,9,0.62,4.9521,5.2,11.2
9/11/2020 8:49,0,513VT BRL WTH,3/11/2020,12,35,88,83.325,212.2,4.224,988,0,18,25,0.62,4.2774,3.5,11.5
9/11/2020 9:15,0,513VT BRL WTH,3/11/2020,12,34,88,83.5125,222.2,4.284,994,0,24,1,0.62,4.2774,3.5,11.5
9/11/2020 15:15,0,549V/549VEX DCK BRL GR,3/11/2020,12,33,97,83.1,262.2,3.972,1008,0,5,26,0.62,4.5059,0.894,11.5
9/11/2020 15:26,0,549V/549VEX DCK BRL GR,3/11/2020,12,33,97,83.4375,243.2,4.004,1009,0,4,49,0.62,4.5059,0.894,11.5
9/11/2020 15:33,0,549V/549VEX DCK BRL GR,3/11/2020,12,30,97,83.2125,266.2,4,1010,0,6,1,0.62,4.5059,0.894,11.5
9/11/2020 15:36,0,549V/549VEX DCK BRL GR,3/11/2020,12,28,97,83.4375,298.6,4.016,1011,0,6,52,0.62,4.5059,0.894,11.5
9/11/2020 15:37,0,549V/549VEX DCK BRL GR,3/11/2020,10,28,97,86.1375,402.6,3.952,1011,0,7,29,0.62,4.5059,0.894,11.5
12/11/2020 7:51,0,510V  BRL PREST,9/11/2020,10,25,86.5,86.2125,266.8,4.248,1442,0,0,0,0.62,4.3966,6.333333,11.5
12/11/2020 17:19,0,510VT BRL PREST,9/11/2020,12,47,86,84.675,300,4.016,1524,0,0,6,0.62,4.0211,7.183333,11.5
12/11/2020 18:12,0,510VT BRL PREST,9/11/2020,12,47,86,83.325,274.2,3.956,1534,0,2,45,0.62,4.0211,7.183333,11.5
12/11/2020 18:16,0,510VT BRL PREST,9/11/2020,12,47,86,84.0375,271,3.972,1534,0,2,26,0.62,4.0211,7.183333,11.5
12/11/2020 18:27,0,510VT BRL PREST,9/11/2020,12,47,86,87.5625,293.4,4.376,1536,0,2,28,0.62,4.0211,7.183333,11.5
12/11/2020 18:34,0,510VT BRL PREST,9/11/2020,12,47,86,84.15,281.8,4.116,1537,0,2,25,0.62,4.0211,7.183333,11.5
12/11/2020 18:41,0,510VT BRL PREST,9/11/2020,12,47,86,83.2125,316.4,4.144,1539,0,5,39,0.62,4.0211,7.183333,11.5
12/11/2020 18:44,0,510VT BRL PREST,9/11/2020,12,47,86,84.7875,303.2,4.216,1540,0,5,41,0.62,4.0211,7.183333,11.5
12/11/2020 20:01,0,510VT BRL PREST,9/11/2020,12,47,86,83.85,238,4.004,1556,0,7,36,0.62,4.0211,7.183333,11.5
12/11/2020 20:12,0,510VT BRL PREST,9/11/2020,12,47,86,83.5125,267,3.988,1558,0,7,38,0.62,4.0211,7.183333,11.5
17/11/2020 7:48,0,540V/540VEX  DCK BRL FIN,9/11/2020,12,37,96,89.5125,234.6,4.624,2315,0,0,0,0.62,4.7043,1.172727,11.5
17/11/2020 11:27,0,540V/540VEX  DCK BRL FIN,9/11/2020,12,34,96,84.2625,218,4.312,2358,0,2,8,0.62,4.7043,1.172727,11.5
17/11/2020 17:26,0,549V/549VEX DCK BRL GR,9/11/2020,12,33,85.4,83.2125,232.6,4.184,2378,0,3,46,0.62,4.5534,1.196666,11.3
17/11/2020 17:53,0,549V/549VEX DCK BRL GR,9/11/2020,12,33,90,83.325,226.2,4.268,2380,0,2,37,0.62,4.5534,1.2,11
17/11/2020 18:38,0,549V/549VEX DCK BRL GR,9/11/2020,12,32,90,83.925,252.6,4.288,2386,0,2,31,0.62,4.5534,1.2,11
18/11/2020 7:21,0,540V/540VEX  DCK BRL FIN,9/11/2020,11,38,96,87.675,233.6,4.028,2521,0,0,0,0.62,4.7043,1.109333,11.1
18/11/2020 7:31,0,540V/540VEX  DCK BRL FIN,9/11/2020,11,38,96,83.625,244.2,3.984,2523,0,0,1,0.62,4.7043,1.109333,11.1
18/11/2020 10:43,0,540V/540VEX  DCK BRL FIN,9/11/2020,11,37,96,84.2625,227.6,4.26,2559,0,2,36,0.62,4.7043,1.109333,11.1
18/11/2020 17:47,0,549V/549VEX DCK BRL GR,9/11/2020,12,37,96,83.5125,253.4,4.16,2595,0,2,21,0.62,4.5534,0.965,11.2
18/11/2020 18:29,0,549V/549VEX DCK BRL GR,9/11/2020,12,31,96,83.1,237.6,4.252,2603,0,37,44,0.62,4.5534,0.965,11.2
19/11/2020 9:35,0,540V/540VEX  DCK BRL FIN,9/11/2020,11,37,96,86.4,253.8,4.008,2769,0,0,5,0.62,4.7043,1.23,11.5
19/11/2020 19:50,0,540V/540VEX  DCK BRL FIN,9/11/2020,11,36,95.3,83.1,253.8,3.996,2795,0,6,48,0.62,4.7043,1.2,11.5
24/11/2020 10:10,0,513VF BRL WTH,17/11/2020,11,42,88.3,83.5875,216.4,4.288,3628,0,18,2,0.62,4.3153,1.945,11.3
24/11/2020 10:10,0,513VF BRL WTH,17/11/2020,10,42,88.3,83.4,224,4.288,3628,0,18,4,0.62,4.3153,1.945,11.3
25/11/2020 6:38,0,540V/540VEX  DCK BRL FIN,16/11/2020,11,38,96,83.2875,205.4,4.156,3805,0,1,25,0.62,4.7144,2,11.2
25/11/2020 6:40,0,540V/540VEX  DCK BRL FIN,16/11/2020,11,39,96,83.175,212.8,4.14,3806,0,2,35,0.62,4.7144,2,11.2
25/11/2020 6:42,0,540V/540VEX  DCK BRL FIN,16/11/2020,11,41,96,83.2875,212.2,4.072,3806,0,4,12,0.62,4.7144,2,11.2
25/11/2020 23:55,0,540V/540VEX  DCK BRL FIN,16/11/2020,11,39,96,83.8125,213.8,4.096,3956,0,1,25,0.62,4.7144,0.955,11.2
26/11/2020 6:09,0,549VBD DCK BRL GR,11/11/2020,13,38,96,83.25,222.8,4.276,4001,0,8,20,0.62,4.5084,2,11
26/11/2020 6:11,0,549VBD DCK BRL GR,11/11/2020,13,37,96,84.825,226,4.256,4002,0,8,32,0.62,4.5084,2,11
27/11/2020 1:46,0,540VFH,3/11/2020,11,32,96.4,84.4125,214.8,3.732,4167,0,1,15,0.62,4.9857,1.14,11.2
27/11/2020 6:36,0,513VF BRL WTH,17/11/2020,13,41,92,83.775,231.2,4.304,4216,0,1,27,0.62,4.3153,4.2,11.2
27/11/2020 20:26,0,540V/540VEX  DCK BRL FIN,16/11/2020,13,45,96.8,85.65,237,4.092,4257,0,0,6,0.62,4.7144,0.96,11.5
28/11/2020 0:40,0,549VBD DCK BRL GR,11/11/2020,12,40,96,83.475,215.2,4.108,4295,0,7,30,0.62,4.5084,1.23,11.1
28/11/2020 2:02,0,549VFH,3/11/2020,12,39,96,83.4375,266.2,4.132,4307,0,5,11,0.62,4.6254,1.2,11.8
28/11/2020 2:06,0,549VFH,3/11/2020,11,35,96,83.2125,204.2,4.128,4307,0,1,18,0.62,4.6254,1.2,11.8
28/11/2020 2:08,0,549VFH,3/11/2020,11,30,96,86.7375,374.8,4.14,4307,0,1,42,0.62,4.6254,1.2,11.8
28/11/2020 4:02,0,513VU BRL WTH,17/11/2020,14,45,92,84.825,220.6,3.98,4324,0,5,31,0.62,4.8068,2.3,11.5
29/11/2020 0:51,0,513VT BRL WTH,17/11/2020,11,44,85.5,83.2875,201.8,4.296,4559,0,4,55,0.62,4.1806,4.95,11.5
29/11/2020 4:14,0,540VBD DCK BRL FIN,11/11/2020,12,41,96,83.775,205.2,4.024,4589,0,2,21,0.62,4.2599,2,11
29/11/2020 6:36,0,540VFH,3/11/2020,12,39,97,83.55,223.4,4.24,4611,0,1,44,0.62,4.9857,2,11.8
